,title,upload_date,view_count,y,p
45,Deep Learning at Scale with Horovod feat. Travis Addair | Stanford MLSys Seminar Episode 10,2021-01-28,149,0,0.404861489884911
49,"Sustainability, Machine Learning, AR/VR and 5G: AI for Good - Paul Mclachlan (Ericsson Research)",2021-01-28,7,0,0.481622222222222
53,How to Deploy Machine Learning Models using Power BI,2021-01-28,339,1,0.404
59,Flutter iOS & Android Object Detection with TensorFlow Lite Deep Learning & Machine Learning Course,2021-01-28,1643,1,0.409451612903226
66,Machine Learning for the Environment - Mining in Senegal,2021-01-27,53,0,0.582912709995875
76,Machine Learning at the Edge in 2021,2021-01-27,2,1,0.568244444444445
77,"The Future of SaaS Investing, Machine Learning, & Data Privacy (w/ Raoul Pal & Gordon Ritter)",2021-01-26,10872,0,0.498914793538567
90,A Skyrim Trailer With Machine Learning A.I  Instead of Voice Actors,2021-01-18,54939,1,0.559073835125448
129,Sabudh Data Science Pro 2021 Webinar with Prof. Peter Brusilovsky,2021-01-29,25,0,0.437925456621004
131,Success story of fresher who landed job before Graduation. | Rushikesh,2021-01-29,1420,0,0.50879376729731
132,Data Science Full Course For Beginners | Data Analysis | Machine Learning | 2021 - Innovertz,2021-01-29,103,1,0.45111866405259
134,How to Become a Data Scientist in the UK (in 2021),2021-01-29,779,1,0.407806043282973
138,5  Things I Wish I knew Before Starting Data Science,2021-01-29,48,1,0.589695349094123
143,Full stack development free Courses || Data science Free Courses,2021-01-29,38,1,0.528695349094123
147,🌶 Hot Topics in Tech: Data Science Explained #SHORTS,2021-01-29,1181,0,0.553607095271306
148,Data Science в РЭУ,2021-01-29,39,0,0.531695349094123
150,Get 5 LPA+ JOB With Free FSD and Data Science Bootcamps || FREE PROJECTS + CERTIFICATES,2021-01-29,415,0,0.426223699340182
152,Here's Where Women Data Scientists Can Lead The Way | Work as One | Cognizant,2021-01-29,100,0,0.403926705219645
153,Data Science Pathways | Online Open Day,2021-01-29,3,0,0.539430467013512
156,Successful career transition into data science | Naganandni,2021-01-28,4127,1,0.433404444315455
157,"Data Science for Mobility, Delivery, and Beyond",2021-01-28,150,1,0.575955074252325
159,Essentials of Data Science With R Software-1:Probability&Statistical Inference |NPTEL |Week2Solution,2021-01-28,10,0,0.448045335075661
165,OpenDataHub: The Open Source Toolbox for Data Scientists - Audrey Reznik (Red Hat),2021-01-28,17,0,0.424364322899101
167,OpenShift Commons Gathering on Data Science,2021-01-28,115,0,0.480271505806068
172,Анализ данных в Data Science: знакомимся с Python,2021-01-28,1265,0,0.517765428604639
173,Data Science is Changing How We Innovate in Both Practice and the Workplace,2021-01-28,3,0,0.419095388154217
176,9 Must know Statistical Concepts For Data Scientists,2021-01-28,308,1,0.443502100630643
177,Edwisor | Mentor Speaks | Data Science,2021-01-28,14,0,0.511695349094123
180,How To Pick Your Next Data Science Project! (Using Kaggle),2021-01-28,56,1,0.461758044439
181,Udemy Free Courses With Free Certificate | Data Science | Python | Learn New Skills | Tricky Man,2021-01-28,15614,0,0.582346590117208
182,What is Marketing Analytics? | Industry Applications | Data Science Career | Ivy Pro School,2021-01-28,90,1,0.464862517946805
183,Data Driven Chat: Corpus Linguistics & Data Science || Michaela Mahlberg,2021-01-28,3791,1,0.441077154265095
186,Data Science in less than 1 minute | Seedhi Baat,2021-01-28,34,0,0.587135738812019
187,Text Generation Tutorial || Natural Language Generation (NLG) || Data Science Course || Learnbay.co,2021-01-28,17,1,0.552793592913555
188,Career Path for Data Scientist in 2021 | Data Science for Beginners | Analytics | Great Learning,2021-01-27,1928,0,0.562773919866312
189,3 Reasons why you are not getting Data Science Interview calls?,2021-01-27,38,0,0.426406313281754
190,Real-Time Data Science/AI Client Calls,2021-01-27,46,1,0.494785336926313
192,NetApp Data Science Toolkit,2021-01-27,49,0,0.562695349094123
196,LGPD & Data Science | Nubank ML Meetup,2021-01-27,109,1,0.460336065686714
197,How Data Science is Impacting Autopilot Industry | Data Science Daily | Episode 13,2021-01-27,37,1,0.527754047963004
232,Kaggle Project From Scratch - Part 1 (Data Science Profession Survey),2021-01-02,13565,0,0.403404444315455
235,Mobile Price Prediction Kaggle Dataset Analysis | Data Science | ML | Kaggle,2020-12-26,13,0,0.589073126871901
236,Video 3 - Dealing with Missing Values in SAS (using Kaggle's Titanic data),2020-12-24,6,0,0.462290487773653
241,TWIML Kaggle NLP Meetup - 12/14/2020,2020-12-22,3,0,0.444888866278096
243,Digits Recognition using KNN | Kaggle Competition | Data Science,2020-12-20,7,1,0.588073126871901
245,Best computer vision competitions on Kaggle (for beginners),2020-12-17,5536,1,0.544
246,"¡Entrevista a ANDRES TORRUBIA! - Kaggle Master, Educación y el Futuro de la IA 🔥",2020-12-17,26069,0,0.511245380200535
247,Ep. 16 Today we're exploring Kaggle and the planet dataset!,2020-12-17,4,1,0.400266644055874
253,TWIML Kaggle Meetup Summer 2020 - 09/12/2020,2020-12-14,3,0,0.444888866278096
256,How to Use Kaggle's Dataset in Google Colab - Data Drive - Urdu / Hindi,2020-12-10,10,0,0.424767123287671
258,Intro to Machine Learning Lesson 1: How Models Work | Kaggle,2020-12-10,6705,0,0.428
265,Лучшее место для практики в data science - Kaggle: Что это и зачем он вам.,2020-12-07,3324,0,0.520087046784449
267,2 Housing Price Kaggle,2020-12-02,5,0,0.441888866278096
272,"""Kaggle: command not found fix"" for Mac Users",2020-11-30,17,0,0.514974977389207
273,1.9 Adding Bio in Kaggle Profile,2020-11-30,18,0,0.494622222222222
274,1.7 Understanding the Tier Systems in Kaggle,2020-11-30,3,0,0.518145586708204
276,All you need to know about Kaggle | What is Kaggle | Kaggle Competitions | Great Learning,2020-11-30,4333,0,0.457711628260227
279,Funny reaction when your Kaggle submission improves,2020-11-09,19,1,0.425888866278096
283,Pneumonia Classification on X-rays using TensorFlow and Tensor Processing Units (TPUs) | Kaggle,2020-11-03,13220,1,0.403000935756091
285,KAGGLE API USNG PYTHON | JUPYTER NOTEBOOKS | DATASET DOWNLOADS,2020-10-25,232,0,0.420704116437668
287,Best Way To Learn Data Science For Free From Kaggle.com,2020-10-25,118,0,0.490211949829539
288,Kaggle competition: Identify toxic comments in multiple languages,2020-10-23,193,0,0.479985859478568
290,Learn With Me: Troubleshooting and Optimizing for Tensor Processing Units (TPUs) | Kaggle,2020-10-20,2552,0,0.525193713580104
292,Interview with Competitions Grandmaster Mario Filho (in Brazilian Portuguese)| Kaggle,2020-10-13,2155,1,0.496246794996739
293,Interview with Competitions Grandmaster Halla Yang | Kaggle,2020-10-13,5040,0,0.482138649467206
294,Interview with Notebooks and Discussions Grandmaster Andrey Lukyanenko | Kaggle,2020-10-13,2148,1,0.408601633706416
295,Interview with Kaggle Grandmaster Nima Shahbazi | Kaggle,2020-10-13,1636,0,0.454371526179535
296,Interview with Competitions Grandmaster 詹 金 senkin13 (in Chinese) | Kaggle,2020-10-13,920,0,0.479246794996739
297,Más Kaggle Notebooks y Pytorch Lightning,2020-11-04,132,0,0.411061247634658
298,Interview with Competitions Grandmaster Julian de Wit | Kaggle,2020-10-13,1226,0,0.454371526179535
299,Interview with Competitions Grandmaster Dmitry Efimov | Kaggle,2020-10-13,1636,1,0.454371526179535
94,Deep Neural Network in Machine Learning,2021-01-14,6077,1,0.333
89,Ranking Machine Learning Methods | Machine Learning Tier List,2021-01-18,22283,0,0.188
170,18th workshop| Supervised Learning |30 days of Free Certified Applied Data Science Workshop.,2021-01-28,283,0,0.335988486640618
155,| APSSDC |Online Exam on Data Science and AI using Python in Collaboration With Naresh Technologies|,2021-01-28,751,0,0.285817611015088
262,Intro to Machine Learning Lesson 3: Your First Machine Learning Model | Kaggle,2020-12-10,2256,0,0.123
48,Reinforcement Learning (RL) Open Source Fest Day 1 Demos,2021-01-28,1031,1,0.311292571316345
55,Day-4# Machine Learning With Python | 30 Days Free Workshop,2021-01-28,571,0,0.282905518293765
158,Do's & Don't(s) in Data science.,2021-01-28,7,1,0.65064684992313
58,L1.5 Necessary Machine Learning Notation and Jargon,2021-01-28,37,0,0.021
88,Time Series Forecasting with Machine Learning,2021-01-19,1780,1,0.171
81,Internship 2021 | Freshers Hiring | C++ | Python | Java |machine learning | international internship,2021-01-26,27914,0,0.297
282,Kaggle Mini Courses - Intro to Deep Learning,2020-11-04,87,0,0.248124254484662
249,TWIML Kaggle Meetup Summer 2020 - 11/28/2020,2020-12-14,0,0,0.611913888888889
269,Roxy AI でKaggle(Class1) 3分間チャレンジ,2020-12-02,12,0,0.383291666666667
175,Data Science Essential Program | Jan 2021 - Batch 1 |  Day 3 | LetsUpgrade,2021-01-28,1467,0,0.239365998111862
98,How to use Machine Learning AI Vision with Unity ML-Agents!,2021-01-10,8737,0,0.265453905390539
171,Data Science Student Spotlight - Rachel,2021-01-28,1,0,0.716999291746453
54,Koch Industries is Revolutionizing Industrial Operations Using AWS Machine Learning,2021-01-28,609,0,0.109956308851224
130,Data Science Essential Program | Jan 2021 - Batch 1 |  Day 4 | LetsUpgrade,2021-01-29,369,0,0.131133121399534
40,Machine Learning for Algorithmic Trading with Stefan Jansen,2021-01-28,299,1,0.258451612903226
234,How To Delete Kaggle Account | 2021 | #Shorts,2020-12-30,7,0,0.342
50,"MLCommons: Accelerating Machine Learning Diane Feddema/Red Hat,Peter Mattson,David Kanter/ MLCommons",2021-01-28,2,0,0.205
84,What is Machine Learning ?,2021-01-25,803,0,0.203235332995465
255,Best NLP competitions on Kaggle (to learn from),2020-12-13,9172,1,0.353331491311646
151,FREE Bootcamp on Data Science & Full Stack Development | Experience Life Of Data Scientist/Web Dev,2021-01-29,161,0,0.33712596677975
78,"#PrograMariaEncontros powered by Avanade | Machine Learning: Cases, práticas e tendências",2021-01-26,1419,0,0.167
63,Machine Learning and CAE Video Series - Machine Learning,2021-01-28,53,1,0.031
52,Machine Learning Mask Removal,2021-01-28,761,1,0.101
142,#Introduction to Meta Data | #Meta Data | #Big Data | #Data Mining |#Data Science:-,2021-01-29,13,0,0.107525448028674
93,Reinforcement Learning | Reinforcement Learning In Python | Machine Learning Tutorial | Simplilearn,2021-01-15,1897,1,0.302451612903226
72,Day-3# Machine Learning With Python | 30 Days Free Workshop,2021-01-27,2449,0,0.319905518293765
